loss,sparse_categorical_accuracy,val_loss,val_sparse_categorical_accuracy
0.1123344898223877,0.980371356010437,0.11392103880643845,0.976190447807312
0.0993119329214096,0.980371356010437,0.12904095649719238,0.976190447807312
0.10132326185703278,0.980371356010437,0.11297556757926941,0.976190447807312
